Model,MSE_val
M1,1379345.0668153937
M2,345560.028785705
M3,213959.50480378082
M4,204717.04082819537
M5,4361713.326753145
M6,214814.7770489283
